Component,G_lavaan,S1_lavaan,S2_lavaan,S3_lavaan,nihtbx_cardsort_uncorrected,nihtbx_flanker_uncorrected,nihtbx_list_uncorrected,nihtbx_pattern_uncorrected,nihtbx_picture_uncorrected,nihtbx_picvocab_uncorrected,nihtbx_reading_uncorrected,pea_ravlt_sd_tc,pea_ravlt_ld_tc,pea_wiscv_trs,lmt_scr_num_correct
1,4.19266328438251,-1.42093438702618,1.86853716369707,1.18346085621046,3.68006012884878,2.48232489947016,2.78835193155589,2.41846183055618,1.80524332007967,3.62428212715346,0.928583130548989,1.97684818412864,3.29077787420369,3.7040972741882,3.29811197988973
2,-2.18727349130583,-0.972515243776423,-0.805866515758578,-0.434780673968922,-1.46370971225143,-0.197869548913054,0.0287792498294217,-1.80378471319999,-0.249942376727055,-2.63314410161074,-1.90146786622691,-1.55293069398618,-1.24205532975111,-1.86379086590411,-1.4677677342181
3,-8.07190042247547,-1.64122917279332,0.00238163278397008,-2.03180586422348,-5.14938780237891,-2.14689662349042,-3.88828710262069,-2.83333632991506,-2.84173833323699,-9.91204399864452,-5.91796547724599,-4.69266414631879,-5.02050682896825,-6.49045003173175,-2.82224083917518
4,-1.15469500391632,0.756080587661965,3.12608226424051,-0.506287302686036,2.68168106180713,-0.133724073621476,-0.805886673504425,2.14949106652151,0.40649418951283,-2.48897294586896,0.309749628842028,-1.03682445080076,-0.306143225979469,-1.63813762308307,0.0450853955367754
5,-8.13184278839447,-1.02648471373116,1.13198560926343,-1.16154631805805,-1.88177935298418,-1.87001869239574,-4.66683902873468,-1.65613867963899,-2.92176644409541,-6.70445347175053,-4.76310536439669,-5.44524684493548,-3.37075712879667,-6.90497426435811,-4.32157229609863
6,-0.646489301019744,3.79282895749476,-0.0359873114121757,-0.196233491104135,-1.21321386828944,-0.301832972530499,-0.888882483665284,0.704535476346254,-1.74623078679504,-0.896764628448169,2.990718856712,0.642721909337823,-1.02543801760911,-1.44688727429807,1.58111760894473
7,-1.88567526537577,0.243068530192166,-2.39689249665321,-2.39435847855839,-2.32631617530644,-1.31502367534663,-0.475648571355934,-3.63630689081013,-2.3838176649329,-0.516089093222788,-0.766787369276463,-3.14875848646956,-2.84883567352615,1.15746031796629,-1.36940273585466
8,2.68124434627339,-0.556905525301726,-0.731345256631969,1.77582472760111,0.930367260535153,0.53386960940401,2.18510506920519,-0.112271687084478,2.76563541980934,1.15991610819056,0.342556762479682,2.19594634869844,2.60712779276915,1.45676928074604,0.190706186412236
9,0.689588798225881,2.95163924943916,-1.38885722976122,-0.872344845200737,-0.402776765772232,-0.402598694105078,-0.34403003031416,-1.16358439295141,-0.583145001267459,0.736493198618479,3.12370480923288,-0.327777882220657,-0.797079557048852,1.4768112473363,0.571397110403858
10,-6.3543514843524,-5.7395679758727,2.53826762830149,0.313311751476647,-1.83168737877831,-0.391318648902029,-4.88350727450927,0.842006892113243,-0.903117784643326,-8.50744445088771,-8.29544019792069,-2.0978230192107,-2.49833477932235,-4.14696707352144,-1.13114056734943
11,-4.58480423623603,-2.92123872638994,1.23818325545341,-0.783864284768642,-1.0034203363637,-1.0958831210136,-1.46748128119497,0.0425672734030854,0.116642003464855,-4.09200433354442,-4.78781194022532,-2.38535853169345,-2.82562647761001,-3.84133526998917,-3.76294636789214
12,1.81165457641351,-0.69771641614543,1.03779114212021,0.540274201558831,1.03281860999953,2.07620482313132,0.643660820560794,0.24006436636317,0.944594353146427,1.91871075256485,0.149473724088268,0.563391733598293,0.764960366942445,0.194149598891296,1.4754637105672
13,8.38158453000466,1.88964472776116,-0.187337469341639,-0.140218593771201,2.9157459843065,3.08801967714737,5.92753917004163,1.97384712891802,3.44551394154884,4.76430808445128,5.76704455994849,4.24653534514135,3.149867877863,6.24184466473329,5.3165613260375
14,4.96770439631794,2.3274313433074,-1.00839713659954,-0.330367427789352,1.62435380000188,1.88664624440071,3.16375780124653,1.05411453285014,1.29387219378671,3.21255208638449,4.38371373391582,2.3005911806701,2.49920408923169,5.81188740092759,2.12559683853914
15,-1.22318575634844,-0.757854121400082,-0.669135407452828,3.46476510567626,-1.70433302289949,-0.31556865173177,-1.86601165612231,-0.854625051001066,0.44168778714204,-1.18853319246639,-1.27142945909457,1.64817331156256,2.19879805108533,-2.34649888490664,-1.66081756468122
16,-8.16329980925873,-3.92648423827808,-0.117490916323324,0.316985253367236,-4.37566319490143,-3.14923415338175,-5.5119782789344,-2.04494482189437,-3.51581221210373,-6.8648456862859,-7.74780363554935,-4.06589131195552,-2.90172071843753,-5.77179776903629,-3.89390175362985
17,-2.40475512576221,-0.133131886907738,1.37345559484571,-1.87219561229406,1.17049442334628,-0.888067539619818,-0.907420106603466,0.520946077397622,-2.1063338912072,-1.54473684094012,-1.53628230633458,-2.84849115166134,-1.92650686940857,-1.53957992904944,-0.450971380417914
18,5.66267458796281,2.0215066050547,-1.16496022200315,-0.0152155133315844,2.49193636155683,0.395231729950896,4.53231515388294,0.109149444579635,2.34415965300148,4.45486442636457,4.347854609837,2.72803474455131,1.34407060286862,2.55348683098757,1.75890760721078
19,-6.381137519808,-3.98021888040503,2.79574379612326,0.359294545160339,-0.317645931437637,-1.05289607276218,-3.92525820279472,-0.0716199963110934,-3.43865237237229,-5.34390552543203,-7.04726736647853,-2.32171011476153,-2.39854465865818,-5.42035898077373,-3.36016695730827
20,1.85100157532783,-2.65177660618359,-0.127921979950665,1.52705044739561,0.765959795749699,-0.23599511129146,1.26580015711172,1.54487474894755,1.82023924551394,1.33809689465294,-1.61892070871591,1.3439063945213,2.785594142899,1.56654551686845,1.11698549667121
21,1.23103233676435,0.327503707481842,0.107280022000232,0.0754067923262126,-0.828543603092446,0.81945110028696,1.31140998755482,1.86540856354688,0.440356359217443,1.82223869684327,1.2061237857924,1.89495195168253,-0.327184718386211,-1.11428554527103,0.860643078967095
22,-1.66369731650496,2.48534252248526,-1.61498103447107,0.247660206446136,-0.835091038494115,-1.39165268613246,-2.55578595449754,-2.69424383131932,-1.30581205621014,-0.498775987220399,1.51443947597637,-0.785490980875284,-0.327790415113175,-0.489983346527435,-0.311635422627385
23,1.45237282523127,1.26774607758827,-1.41841241314525,-1.31444249594565,0.168733559693063,-0.95168926353247,0.799186812887358,-1.51354947907839,-0.803342942977848,0.69356698467855,1.57720421551478,-0.0335125000745584,-0.911994175364904,1.87535033868731,1.94819424778824
24,0.565220291178727,-2.24345817609136,-0.969975888570764,-0.798085059624584,-1.77056030961583,1.0235800462151,0.273365867483208,-0.418061722777503,-0.0840157284843369,1.49019992977421,-2.05929429553906,-0.402741120478752,-0.425376675329128,1.76169480503038,2.14368849701819
25,1.6595336997838,0.489403992183232,2.02629824741952,0.215802607786375,2.27536533260038,2.56307849217754,-0.225458804031716,1.314536592375,1.25470458697739,0.894468090840011,1.20670078271135,1.51229707162936,0.974222074020551,0.430417364522082,1.11564169059459
26,-3.77307190235214,-0.741213233366061,3.16002155412343,-2.43389341089653,-0.801280115939894,0.19913845431266,-3.69726003671679,2.09593452127619,-1.12217487773739,-1.82351189426592,-2.12062344691002,-2.45470315294015,-3.3296854201965,-2.75211617261982,-1.70266745319851
27,-2.19906482047223,1.69665368488369,-0.999341993790321,-2.00819075864381,-1.78275117759097,-1.30539035716905,-0.439675951232938,-0.959903128282847,-2.04032217383901,-0.386874729724334,0.513376153801248,-2.31578574395792,-1.7701305472707,-0.799959519135724,-0.830543113814102
28,-6.52697285431301,1.51869958898499,-2.93273249425567,-1.78527663663683,-3.5489549334712,-4.51011702802415,-3.41253958166301,-3.97052046615607,-2.83521541128582,-3.19566888964586,-1.64109322269715,-4.96105628968641,-3.41250708636368,-5.21656593875381,-3.17027319745523
29,2.37869576992854,0.336151196363924,1.96522399473778,1.21314455935999,1.00202369723922,3.22536868229391,1.08452770637942,1.71908852905613,0.891799964255806,1.72407974222054,1.79378337586747,1.91946787571038,1.35706098934875,0.206183197912575,1.59353507132212
30,-2.12703269716887,-2.51849959372179,2.38695040135884,-1.29167179755427,1.07678603479631,0.405534965845255,-2.89613914322743,0.380853117433613,-0.531779519957469,-3.00468650115451,-3.43711846864758,-2.03711448760238,-1.63822840018883,1.41782446465817,0.295855438734182
31,0.810902633973669,0.861441114201284,-0.0629518698686569,1.5628870089575,0.0924358326302674,0.410992889076839,2.21232202611514,0.327749924797729,-0.551044040790852,0.849241334577895,1.33660074368715,1.51580931290103,1.40030070416946,-1.22093286681841,0.0379400945767459
32,0.117273758037713,-0.951787022863002,0.410903772731506,1.0664638476689,0.0287939075296078,0.538333010529498,-0.850373535997123,0.320074776136915,0.615750123839054,-0.240100511028272,-1.04031774972181,-0.0258609979480851,0.631433834271834,0.0946782748657742,1.46343407638931
33,-4.46816694041697,-0.0479736593121819,-0.0441594663917095,2.65375270300587,-1.97262207950839,-2.47620597250053,-3.11830818851102,-0.86983798626812,-1.84525937416999,-3.27200917568542,-2.23050561035033,-0.720640828323351,0.19050249035117,-5.09849222308776,-3.22629942999684
34,-0.102896663553489,0.660446096465618,-1.98350905863769,1.16177337989179,-1.85530589015095,0.0279884958379126,0.0728093995380847,-1.78248741522891,-1.18697780341315,0.428328954439053,0.705353736436604,1.1931869211515,0.875251126089458,0.677711722809541,-1.97202578542232
35,-2.91225504221426,-3.83176892475594,0.861060228489359,2.56705541988991,-1.16137522807553,-1.66977043013315,-2.55916668722449,-0.00561075183217852,0.542214705566876,-5.03311600989088,-5.12682122473166,0.106799738016736,1.1262044664818,-2.50230891083918,0.277083950782986
36,3.18695314087309,0.829026265300521,-0.0997319007370868,-0.414971855773618,1.98034812099455,1.3056053060733,3.4827247331205,-0.00427097059559271,0.0560283490752046,2.47047335672363,2.54165773357773,1.20626687633909,1.34470191802269,2.64396348801871,0.267875220029065
37,-1.63053881317623,0.24044768864011,2.17050485632685,0.524758526472715,-0.0898490556881096,0.0483290211368003,-2.53045780169481,1.04009350210257,-2.18331836493526,-1.67626101626035,-0.543973489121223,-0.282849557344175,-0.817544266402862,-2.56075765203582,-0.769195530330161
38,1.39590887593545,-1.3258589358586,1.95562451425379,1.14942144913339,1.08946858881685,0.670825369410081,0.668127101651318,1.68042345533877,0.766155889006468,-0.497470202076008,-0.956112110276377,2.0039101270925,1.3386177838033,-0.977075910511224,0.531243085296083
39,2.02446352727173,4.18325094372553,-2.42193642766322,-0.371868011205894,-1.605193784866,0.769539252301211,1.56309423145558,-2.46041466144607,-1.60009162541607,3.56168995788957,4.87576363308667,0.6701498109238,0.44910473052217,1.47598357840917,0.790580266638029
40,-0.51065761919739,-2.05403059378016,0.73429443491437,0.637671641967759,0.537104911757968,-0.120252159403856,-1.15896076568298,0.909076102656243,1.62904293321718,-1.93661030382938,-1.68201556658119,0.532829280187507,0.146062120898035,1.78980220853977,-0.0972117917216882
41,0.122999536192961,2.40719002018334,0.181788116953991,0.0289611740488607,0.771798910570192,-1.55422402307838,0.558887813455121,1.28724592252597,-1.01687790194476,-0.61434096978676,1.78068962026014,0.391294012480617,0.137257769040823,-0.731587360292861,-0.5828135201112
42,1.27459775969472,0.423550737924299,-1.11131879134178,0.0380087768774468,0.107536996885565,0.15123273764419,1.09560164231859,-0.428657106263415,-0.440923046006995,2.84496173673321,1.15575085060052,0.879650863517537,0.697120225337572,1.71362440964063,-0.847228090698295
43,-0.168962365100567,-1.54290293340794,-0.944291511202282,0.465088445209861,-0.705096823822995,-0.156933429696598,-0.720438742347481,-2.03370034324971,-0.214161863532588,-0.428930972788514,-1.71328801284653,0.243949041555747,0.291181706205339,0.234246265844085,-0.0812012697037589
44,-0.998150970989775,-1.03992684681729,0.128628002962883,-3.54554035028665,-0.238169233082912,-0.697155918234259,-0.9409185200279,1.54097350759595,-0.47346979901017,0.472693652710144,-1.43307294465313,-2.59148933702987,-2.93257342738135,2.12399031544761,0.705846576482985
45,0.564239198212227,-1.92879268800575,-0.446253736039511,1.24606187122314,0.102451034660785,0.578721768763167,1.13007030426933,-1.26386035702032,0.665563566918243,-2.65616673539365,-1.42086133628702,0.291180874989563,1.82311501086971,1.08415757436473,0.991837765644608
46,-2.66880547533299,1.31707349897866,-1.30586700839742,1.59482472594192,-2.28647458747154,-1.87848832116722,-2.97100685184141,-2.05219357580152,-1.37447939148977,-2.26176851365726,-0.247910458185939,0.158964434875826,0.0825218378530309,-1.51017282838291,-2.25055839096414
47,0.671406934055662,0.150813388790434,-1.4627331844724,-1.76979615636213,-1.67904862936287,1.56415179833666,-0.334751393227118,-0.882595464550774,0.902981596751065,1.14257588663035,0.443594295963874,-1.20456313656769,-0.782371923264081,3.05597916595855,2.23828886625767
48,-2.86201721425063,-4.16589927340894,0.686144586203852,0.511758846427572,-2.01141756746412,-0.0464794086219901,-1.64624598074734,0.780554392564662,1.87356841220417,-4.31561523839044,-4.96997659441282,-1.54912264942693,-0.573952861085292,-1.12212102516441,-1.85717839922936
49,0.648696460838316,1.96843396318184,-0.517265832658786,0.0350097182487042,-0.0305582928078061,0.193510701309706,0.539023983061529,0.0240581392328495,-0.532183175813004,-0.946195948001584,2.32086192349386,-0.0354766657514387,0.53954835583593,0.136846629015848,0.971247256355317
50,-2.3862331570905,-2.86417461855683,-1.28622087958561,0.020428620303384,-2.67690380060281,-2.76790007789112,-1.02087172713364,-1.06471686339472,-1.45684426412829,-0.26131806537977,-4.02607792847189,-1.61925056661946,-1.15447757413508,-0.748592085297391,-1.9628242687079
51,0.0703534036195619,0.439278857659836,0.947574624033757,-0.895106191697951,0.748917709875966,0.670569320103636,0.183239735247457,0.327469120075199,0.653228824807601,-2.14862890363464,0.677897157724914,0.85549549016858,-1.61093677071561,-0.591130404893503,0.303871063962452
52,-0.807070684883201,-1.50998244242982,-0.217224798456752,0.710048074552415,0.256426967713552,-0.705248468881308,-0.134905906153804,-0.712583038657087,0.812833801298287,-0.657662402635581,-1.25772343633449,0.705466345174766,0.147083842484327,-1.52306031410617,-0.144254180904318
53,2.80504338301714,1.15520872656723,1.80564955708012,0.937162484143599,1.7956881271386,3.04638666192864,1.41799699830869,2.03026547707077,1.597628837265,-0.408321253233637,2.13672871845353,2.78929745358236,1.66518278585143,2.65962017568527,0.0549206512559558
54,-0.183195975637994,-0.0160694307325579,1.25843200944244,0.0760436926528743,1.22190863748603,1.43329223264574,-0.78412151327197,1.12259459884044,0.751761017451227,1.26324941890265,-0.0351118225448696,0.132778097019458,0.253833571590971,-0.054777032647496,-1.44286030294778
55,-4.34331951520763,-2.25006190901793,-1.66367634665743,-2.1727728851463,-3.23947770742957,-1.13644732930252,-2.30589119359312,-2.32404732210317,-0.470146888231372,-1.78852791159818,-3.35537495687898,-3.68842615837315,-2.64094921720578,-1.28530724782391,-1.37083617911437
56,-0.690924832308121,0.954707525130454,-1.17157761318918,-0.754410842132978,-0.836837932021235,-1.50101694490192,0.254865938277901,-2.01819164476359,-2.54574973308528,0.0215819492201476,0.443890310451449,-0.683725712778121,-0.447833402785988,0.241308855610509,0.268757240518486
57,1.90334290857461,-0.50528345523936,0.71118410053608,0.17712625470343,0.0956433127843964,1.3007901942383,1.18521308775178,0.925075101016621,-0.898401052626999,1.04191348277844,0.26341363591291,0.0356275544591986,1.4606112741829,3.01501590548294,-0.0420466109937058
58,-2.22891740548867,-1.93805595418836,0.128232854821449,0.493934685012177,-1.29845133258528,0.208314235255351,-4.05825387043744,-1.02083605417972,-2.99329235925381,-0.230409672115139,-2.78313400646273,-1.15879352566703,-0.348987249778261,-0.927439177249672,1.01948862757105
59,-1.81339281383518,-2.67034795713239,0.400103860712422,0.651833466344215,-0.487493216411778,-1.32636534546461,-1.97239506951424,0.0261125842897751,1.1859716509728,-3.08696558630045,-3.14210909801283,-0.310935225735105,-0.0597032560993541,-1.73692023039903,0.907750908761874
60,0.372203447976987,1.38480921716625,-0.486985573917184,-0.204371034369532,-0.0314187858161128,-0.40453272488951,-0.350096465576156,-0.641762675391732,-0.511441843712885,-0.112892289517364,1.21375078337727,1.25606179790392,-0.670191536059045,1.03518614430002,-1.67673705192018
61,3.44300955242139,1.7927506056535,0.616929782710515,-0.259782905341207,2.30851040134722,1.01452710037556,3.16676254355302,1.28961913799893,1.59031458335181,2.19273006317498,3.10500236655856,1.5959942638914,0.634237487763807,2.2249622197163,-0.357336409302918
62,-3.94380566583865,-1.9080574750019,0.872321641635802,0.640038363475439,-1.08581301342306,-0.760156718762263,-3.6838049522548,-1.54853582848389,-2.21482841020491,-2.59957678184116,-3.87444636587455,-2.18262236034681,-1.25572885621161,-2.46654525981864,-2.04379461549868
63,1.7437078535029,0.0834786429548628,-0.156922648504825,-0.917293017116849,0.818490550004055,-0.20748793664211,1.40643421882276,0.42439507383643,1.79092212007118,-0.100186613541051,0.786887957326355,0.479202507085148,-0.235154012128432,3.02785460490694,0.491402219190795
64,-1.49510157154431,0.193098061271476,-0.107379762817455,-0.578784630851403,-1.46263804632305,0.694457873531047,0.279054065412291,-0.0983356219375497,0.418553314581209,-2.30628257913127,-0.382331097756893,-1.25848491678025,-0.924889192363588,-1.36424027893944,-0.814361212334896
65,-4.1663883801148,-0.142653566184355,-2.4526682369065,0.536175127049007,-2.8846461475477,-1.86338596844339,-2.55894707246789,-2.41627863603318,-2.16606442165831,-0.412122592528703,-2.24496844570408,-0.84523584107266,-0.70782286754714,-1.45326313776006,-6.06632216189774
66,1.69677240990091,-2.42408818349116,1.17087052407182,-0.549365197411764,1.38571779262102,-0.0939885861536118,0.829029470121963,2.12387795372847,1.15818612010283,2.24716440627124,-1.25114849749648,0.680139527909258,0.0444657518680237,1.18493262327516,1.12308003959057
67,-0.0675535286395098,1.34784605922729,-1.79296650228528,-1.92014416523476,-1.35995242004098,0.431140574905506,0.203841992633713,-3.27679671417288,-1.30218472547343,1.5447226767654,1.15767000863114,-1.45057451555202,-1.29099516314947,0.416832002789356,-0.379636175003106
68,4.96184953757264,1.86448491930294,1.25309196978366,-0.764581465412582,3.70984227016366,2.47518462183436,2.68154138804891,1.35783388276329,1.89049362823605,4.35794542673036,3.85842250840778,1.66495313152481,1.51092589482556,4.00580049439154,1.60738940130763
69,1.69829670893071,4.06565901612688,-1.17621994715619,-2.27872025907512,-0.05603390545912,0.592114279510514,0.573174024935807,-0.928126428075775,0.781789419851405,1.89229023225957,4.30721407595958,0.0583578694229377,-0.846150785471089,1.54063203765384,2.75631118638391
70,2.69118938310015,-0.228816091055668,-0.579591521677506,0.135581204688224,1.52417146123733,0.75088592038355,1.4670097672437,-0.0187110919757138,2.84536701722005,1.23948083254693,1.60715980659044,1.87223513657416,0.717907499574471,0.947975707170402,3.57656192801133
71,-3.38803397838741,-0.942861090302332,-0.119246874040098,0.505449946449486,-1.8078956581142,-0.569007256222419,-3.19886526761626,-1.49489807383036,-0.431567710420737,-4.34419834830945,-2.80204631457477,-1.54148090872953,-1.477771755066,-2.14072214580443,-2.21997502545739
72,-0.770674398457679,0.296245475802985,0.151254249453332,1.89698875940373,-0.160047319626524,-0.828721095028743,-0.580565427983474,0.310087236279322,0.310117913568796,-1.05371764283417,-0.0600778957580413,-0.0174043583049863,1.34986026087699,-2.74202744385038,-1.03673330524547
73,-1.04397805547267,-0.501594278421187,-0.391633235269428,0.848703744268824,-0.449613424840155,0.554581910543304,-0.904272893714839,-1.71413817018644,-0.24829690024241,-1.63279328006949,-1.12108734724685,-0.498677428705552,0.0346675261774307,-0.47173667403927,-0.478037455501089
74,1.83375395673823,2.51384902629818,-0.914831241902533,-0.0235713040720778,0.105406801832488,-0.0871563747321674,0.850990527455359,-0.0673767698213584,-0.683629576253601,3.95991923172538,3.49664664852713,0.798584680414146,0.652487683041047,2.04242608732757,-0.672438420431677
75,2.55402114091982,0.997729430612275,3.16283610360236,-1.3657409531162,3.36308146761615,2.39810444169433,1.671347017178,2.26492731754225,1.47278525241717,-0.0373643430311523,2.3276320182062,-0.116995240266104,0.255695970464729,1.75710251680223,1.02265175237207
76,-0.0976905545713463,1.87779699874184,-2.7371968807855,-0.970888009187004,-2.53309477862511,-0.411515307836249,-1.5499848431727,-3.03946922348558,0.237768384119089,2.20835923966141,1.25084679526003,-1.54985326350534,-0.371627336340982,1.70026140692564,-0.692657429673473
77,0.0316226743870917,-2.12689324152287,-0.825073295893436,1.30924511677073,-0.755309148906654,0.658677202601855,1.17168420574523,-0.965201224316891,-0.002842688114063,-0.375390717315232,-1.69324434864569,1.36971520820146,0.838167512384127,-0.207185142869176,-1.36507613733574
78,-2.31712942022573,-2.19681312744426,1.32932824852874,1.14895659075166,0.772405777625943,0.531586080292108,-0.789411410602607,-0.808000817091231,-1.85061348891076,-1.7579588359521,-2.80901661568269,-0.769742403078746,0.417356861935432,-1.19284691843398,-1.93150327622854
79,-1.14095557888331,-0.768332981133206,-0.179615765311505,1.35160733671292,-0.0896387878148477,-1.54775911093392,-0.673016121788002,0.441968769001195,-1.33755554504833,0.823611257152816,-1.18828677919928,0.97546604608171,0.974777151474622,-0.30356949230564,-1.78540523529673
80,3.79441657923934,0.351387525298558,-0.254210164506363,-0.0222797258247931,0.840557935379244,1.96728969338389,2.83838048910976,1.5297074124681,2.4620008577344,3.91492492626806,2.69828733457315,1.6577920944204,1.72720851781026,3.25722404830693,0.839465503466687
81,1.1729854868699,-1.59864064098792,0.90986858346923,-0.152971927351709,0.0941471215324255,0.630771425955632,1.60804323519018,1.25266825068132,0.30446419183398,0.356543130702854,-0.57283870609318,-0.362662477429848,0.554938747649391,0.919994311795918,0.6740675490255
82,-2.19268306866091,-2.87642698200697,-0.413213710022814,1.59366968554351,-1.42727902840134,-1.62114739337978,-1.06507152635613,-0.267617444655826,-1.52549633618457,-1.15333907603,-3.5684661346451,-0.0987470581285611,0.446563074641139,-1.64794456623567,-0.939570956908986
83,1.02073072939478,0.68636805632887,1.68440612311486,-0.720828373028779,1.53327235941128,0.843218686598857,1.23987276757285,1.90211845390136,0.711020935404231,0.52421558374388,0.755062657544336,-0.263937711224949,0.104529152030001,0.504191236611479,-1.09928137029858
84,-2.88083534918973,0.0741294562641267,-0.356427752193991,-1.25155733998163,-1.36136555938781,0.381108328215225,-2.04806362560397,-2.44576669503089,-0.768011327687107,-1.53797238258092,-1.37162563672328,-2.43013251002738,-2.28322276442731,-1.07792941559381,-1.91888130037005
85,0.298314564912143,0.531504192077483,0.730831106625441,0.761056215361055,0.734244802906086,-0.12191299832647,0.0901712447658301,0.569605071750235,1.08002495796448,-0.993661590391448,0.667847714955727,0.718546098280267,0.511132764498355,-1.21452837996083,0.862570372356417
86,2.61315001491937,-0.481941759116939,0.551002481147804,-0.0631578173054318,1.02590884500321,2.3071973275177,1.01638162248557,0.769730314826185,1.62966959780954,2.67385216183397,0.706718298329745,0.701650743689388,1.08248120809821,2.13323899071356,1.28579856695639
87,1.09125588909021,-2.61400567802774,0.539015908958514,1.03265272365747,0.819427782841491,1.30496037738706,1.73973827094882,0.27660952338422,1.39429843231579,-0.344932834493557,-1.23029099977841,0.8652427530439,1.62524502617996,1.00838404596107,2.15328466767289
88,-1.22928253170196,-0.451257969748632,-0.511025527768002,-0.677630711792287,-1.12812683218365,-0.775942531663266,-1.96953560541914,-0.935168241891665,-2.10035741055155,-0.317026862065465,-0.93174450961916,-1.22582820663793,-1.33144685744195,0.366595747163139,-0.2055181501952
89,-0.57828010155577,-0.595396727799096,-0.132685111747727,1.1201710327962,-0.746735841876501,-1.73263000300225,-1.46068441617029,1.4997536435143,-2.05369054791375,1.50542785032513,-1.2349715412532,0.738315013004652,1.24240092901588,1.0630398428164,-0.997018535927712
90,-0.0232831943350635,-0.396346614282405,1.87340436256954,0.0993318460924533,1.06237465564165,0.979332369355587,-0.299819788287697,1.48821683787223,0.424859950187568,-0.672293966239033,-0.439149521180393,-0.738941717701244,0.824781365079932,0.289606131703465,1.17342834890141
91,-2.25569150888529,2.50249772911357,0.492816337839744,-1.67143461186778,0.420342895853945,0.675862518386253,-1.87750566135239,-0.883553379872313,-3.55538694984081,-0.506324931409576,1.44134351485546,-2.04011735368145,-1.93654511211098,0.0223642437316795,-0.712260516993156
92,-1.79842661957368,-0.423328080193419,-1.63368668274769,-3.3551976947369,-2.54955849152419,-0.820472070789795,0.117499124566504,-1.6602468669202,-2.48121530332227,1.25097487897771,-1.19359506189701,-3.86674139645467,-3.4265585424431,-0.185406316710073,-1.36406049316661
93,-0.248667464390213,1.27778971978931,-1.99860333192637,-1.24966457837106,-1.206833793691,0.491269467567987,-0.221926986320963,-2.58442816907783,0.138022930222279,-0.602139646511432,0.648244990604678,-1.2707424250695,-1.43389553395633,1.73617647397229,0.27787579431173
94,-1.95912391393707,0.551572262341059,-0.491722923125417,-2.67415177408914,-1.56160415197663,-0.171603605870298,-1.85213207451672,-1.15599361395755,-2.18464309318963,-0.370933189989569,-0.129546164612955,-2.85066954639638,-3.33403276279248,-0.216485038443853,-0.387930526891949
95,-0.327100409973937,-1.46685338489106,1.34320822817876,-1.24984303548672,0.39069287095694,-0.217292502915444,0.89725579134565,1.239931822101,-0.121492101080358,0.0305193120831615,-1.08010385363977,-0.559336949105044,-0.808375207000835,-1.28924099110783,0.624797294727948
96,-2.02824618742646,0.0164207405226052,0.30367465872896,0.829579054696521,-0.811950360790614,-0.481343542046438,0.0136581506985302,-0.382651894040301,-1.94188908544402,0.0324673400086543,-0.513875650306131,-0.590985028770178,0.300570535472471,-2.80458813072748,-3.54570715550058
97,0.853129621770793,-0.0812946545965774,0.132755980135599,-0.302780119672517,0.199697366285672,1.66910782642592,0.0473927127701576,-0.71512787604444,1.17466366113702,-0.901038660033939,-0.00933560114545979,-0.263233585399938,0.406128657313982,1.26101792712492,1.9313709180363
98,-1.77127436942169,-1.84092221196266,0.515564846980883,1.79985726525013,0.0548169213207797,0.0989386841715443,-2.44469553407858,-0.687364573114954,-0.35723832709493,-1.59352778786404,-2.79431602912036,0.744391705135969,0.965733542505599,-1.38722480356408,-0.158251947169747
99,-3.66518699483097,-2.02988093112783,1.41125385567534,-0.093633293668,-1.18040427907765,-0.49100816365268,-1.64544729107864,0.208935555454524,-1.15358313618567,-4.50317267453689,-3.64472065627913,-1.56480845703037,-2.33219206429388,-2.26876383909836,-3.11507661808765
100,-1.64624520323176,0.795025905928149,0.525357175514272,-1.92528754892729,-1.5744173584778,1.0238410045919,-0.936433668168864,-0.979936948721899,-1.06979354042895,-1.50142764151087,-0.65279897477621,-3.00944381369115,-1.66787000156411,0.0760563318585038,-2.75262348785942
101,-0.409592867159625,-3.32436032415566,3.22475468494111,0.065669433853564,2.82672619515419,2.1180557726113,-0.514379114185408,0.93541906971152,1.69192490345499,-3.11685092028052,-3.22149836714382,-1.15773683688398,0.20196107240606,0.28362136348179,-0.390984891362771
102,0.400366590756694,0.613011627956947,-0.49268348495609,-0.993669600388049,-1.56299329784822,-0.187164344594974,1.9596271557973,0.731366788489472,1.7682727609408,0.485483972448165,0.415282695225661,-0.979633841362433,-0.604117751167262,-0.124265179049429,-1.60826717760529
103,-6.06230115792496,-4.75450821751666,0.783987910720616,0.49010860311958,-2.3646878382486,-2.03005819199402,-2.34234512288643,0.474124483659591,-2.04766940042265,-5.2315920997686,-6.99525957786525,-2.81838000697049,-1.43510388324303,-4.24208441170444,-2.67389432433742
104,0.661111229288957,0.442579680530932,-0.695175390289853,-0.655643495779524,-1.21294093573355,0.0694716613739969,0.396276902007447,0.971152918324345,-0.466209647587043,0.707204867420712,1.10033397234157,0.642590861535704,-0.96455036813913,0.243881811047087,2.25356856938922
105,0.0300118848998664,0.367524169069708,-1.60440805478838,1.0805979479227,-0.401594073455837,-1.16782485617924,-0.393905885408816,-1.12120890174555,0.805266069707446,1.41204467185605,0.538782018868198,1.26498124846545,0.961130738546391,0.253465577637421,-0.936271484421907
106,0.283349671710636,-0.538542958618765,1.01395914754682,0.733657133144557,1.76051039144938,-1.31972057900195,0.0212049295730041,0.387182616299912,1.83601140827981,-1.33074694156781,-0.627352308868314,0.101305154991684,0.820273347831783,-1.06938106756402,-0.134182429314396
107,0.940135270004596,-0.436045359272473,-0.520921162616957,-0.646113702795459,-0.580184648234634,1.10682142120261,0.581013165481221,-0.847948749174069,-0.90715025138563,1.51730328394415,0.0850863818279803,-0.479421868567943,0.3472527095309,1.46367136618713,1.30415286825248
108,-2.27242221183966,-0.198357572495676,-0.629122216811008,-1.0729100735184,-2.35858866466573,-1.81557348083745,-0.513499510609473,0.415543444981499,-2.11774165003255,-2.38495974563594,-1.3358227119203,-1.62640918054538,-1.05262232092402,-0.549758634634143,-0.544751779107692
109,0.534879349964879,1.49506763053648,-1.0897770772828,0.337573513799407,-2.44401665560802,-0.915863790273255,0.460188623280602,0.790044955496334,0.599035820654153,-0.318447713651224,0.831791184116069,1.25120561089621,0.720097737129293,-0.0762258674174628,0.0971595016749344
110,0.485500115837444,1.89545488886644,1.91812487658455,-1.55166842266007,2.48250221945291,0.353216084998844,-0.457865149866509,1.33312477442836,-1.38980308347927,0.965408244977494,1.9313593857024,-1.02573224853859,-1.02418278838434,-0.580437074924691,0.615215989116282
111,0.719908467766835,0.2077222925649,1.55038735032456,0.0107230240802988,1.2908215238722,1.56782816209018,-1.7582761403388,0.0843483722117769,-1.67522856295648,0.354571403049974,0.230122851859333,0.378633338610855,0.938092041600406,2.53504951050285,2.29201267096128
112,2.70197589183586,0.199977759458407,-0.887046961905707,0.584012935664012,-0.296365632658258,-0.81662577492444,2.68734491305142,1.49833622382903,1.49739428120706,2.532422390369,1.36855228258172,1.85181069683396,0.936762244747356,1.29027050051367,1.14757876494302
113,2.63655999298417,-0.126244732809499,0.640287512244198,0.288508841407952,1.7226686280769,1.25577828023309,0.352369031618928,0.581756403722923,1.93586551625387,3.03214681637891,1.46814853770704,2.12789780592221,0.997316028905718,1.25202206073738,2.01966874523801
114,0.761946698883948,-0.379798110073159,-0.330018954257656,0.518116422562906,-0.558686177253366,-0.813835549227108,0.876596584600529,1.28452209671543,-1.5918595737299,0.66152781409448,0.328251134442922,1.71626294071166,0.494714956350124,1.46973519355875,-0.223194021903028
115,2.44590145355225,2.53447708476244,-2.50453806109649,1.69538332279761,-1.03522968010886,-0.971807751923424,1.10748343913502,-0.346466667458573,0.617408991530286,1.51329584922016,3.62787503634207,2.1615489478438,1.9898162230234,1.79267716707056,0.764751068303532
116,-1.63467643498542,-0.235882233789234,0.339348658591393,-0.190011882033354,-1.32945127712568,-0.521645132785509,-0.473600814683775,1.06948415447572,0.361028222000106,-1.66395424770483,-1.39464761387115,-1.14335495114225,-0.828304993719838,-2.00420202221601,-1.51326463799429
117,2.23368602897293,1.37088647601531,-0.886117001120515,0.520526648711776,1.29190203129694,-1.61140653947754,0.807179146263716,-0.422975204808765,1.58302874540634,1.40107049822921,1.9386681801067,1.46268734444123,1.70377954518109,2.33587338618473,1.03293073181684
118,1.74434751284613,-1.01351013134418,-0.897864587722734,-0.852458197312103,1.09193006132411,-0.544558450114471,-0.0253346635195344,-0.653595317226531,0.362131291770771,3.67292111818789,-0.101036199555829,0.81473453155106,-0.156661075411146,1.14799435241015,0.235056526818119
119,3.7908732574878,2.75618698730212,-0.616666377479093,2.30946568630104,1.29739023026195,0.146293698598897,3.02323462475599,0.339448865752057,-0.169019623355796,2.7582248434696,3.94906111711001,2.60269482953437,3.39632710316918,1.18408730516439,1.65256095800847
120,3.64105289172384,2.71232454070819,0.367607559295051,0.499011667087889,0.750814979758407,1.43826581507486,1.58560927403369,1.99135565671963,1.70537321791318,2.41617853476591,3.78845469514078,1.52298043808349,1.63618497741692,0.880077303632055,2.09092896281321
121,-2.50047728860854,0.146013885583687,-0.921843485795942,-1.14719544462418,-1.92272755536695,-1.13597222258738,-0.784991526778266,-0.985458834897332,-0.168192798181206,-0.29406168245687,-1.30800323961056,-0.711207293929401,-1.896391682778,-2.40423158450096,-1.55532876794666
122,-1.78723277235101,-3.14526593746456,0.461778570259865,-0.942258014566692,0.739398443066343,-0.642047838652753,-1.32484757682545,0.133352879458683,-1.49175527929506,-2.42025639885417,-3.47823906288273,-2.20299677093893,-0.729985221965696,1.74539241541597,0.248318718768315
123,5.43254129898272,4.14052893439923,-0.657557713411399,0.7385778155574,2.23262081321508,0.367505329362367,3.86118672312638,0.896776030885875,0.822338102660471,2.96537863544475,6.3439565093368,3.78953476994929,2.63376470000586,3.08093153528734,2.57022137760148
124,-3.0351212346808,-1.5656774136526,1.65281195479747,-1.01611450607011,-0.282756670080416,-0.0698717043375783,-1.88243687689416,1.91538250153051,-1.28545947329972,-3.71738126581054,-3.21330888082398,-2.46157686418689,-2.20820280034539,-1.7953238520127,-0.437741289751449
125,0.760657373253186,-3.33988252671949,0.611015138427833,0.0242555421735104,0.439503005257616,0.269036422612988,1.42811467305995,-0.0309407489415859,1.72632317120496,0.170645612744828,-2.1062011281288,-0.0692108125969536,0.689203276819814,-0.437790306904133,0.508497506083546
126,0.436242123317777,1.00264433146959,0.702700328072104,2.23661525217227,0.212537522837658,0.260035572284419,-0.744442024596895,0.644684477698091,-0.967075611827488,-0.221656809186744,1.32294760449089,1.79576300089467,1.48405768651129,-0.206599217656884,0.518590382107358
127,-3.59307208529823,-1.25998914392887,2.31329483147049,-2.56446361613097,-0.10281215518479,0.453892870104404,-2.18184006356021,1.11456983134403,-2.55138140027806,-2.23057262743632,-3.04717530493993,-3.33857211083869,-3.77251032979985,-3.02765755632991,-0.971787424047246
128,2.59960083621086,0.696803757998976,0.011380667729517,0.291806570235562,0.938456316601549,1.37720326288343,0.355874646552465,0.206317740806158,0.378080518985087,1.77968650085068,2.02209694136061,1.53414459297106,0.759557290844138,3.10719839800151,1.09819687884937
129,-0.506819564427279,0.749203517450441,-1.16510698010879,-0.0242218916367583,-0.736401786770363,0.279342880386597,0.0205505841080125,-2.16936914369001,-0.489299028848186,0.159779442360986,0.311926699501931,0.387849190390181,-0.417080501867582,-1.02787455292639,-0.42949774290877
130,-1.14142475643436,-0.649012311224028,0.397981313512656,-0.795189075009253,-1.19547513375749,1.22407987485303,-0.349855399009402,-0.299759764994414,0.24415441709813,-0.689356148019379,-0.589350175554205,-0.759601764857549,-0.967742952126564,-1.29091007930041,-0.499538858669094
131,-1.82081873720789,-0.657781884846586,0.243784486863292,0.205532587439514,-1.99012738585001,0.53037074675379,-2.84913248027422,0.346882803845906,-0.597769139445255,-0.756356887784295,-1.03722373546052,-0.927413134731504,-0.348564749545118,0.290567363667814,-0.938270414545542
132,1.63674433135653,-2.01281862570776,-0.267752153676411,-0.943682993613441,-0.0166933276365875,1.35812875901493,0.787419524273545,-1.27916943026411,1.59865172109482,1.11641720671373,-0.750814086048372,0.373219027930024,0.102452119164556,2.33465906696213,0.962814482214765
133,1.07081024122299,2.72674708073302,-0.274787732233412,-0.741002448609787,0.790159813505587,0.852210441418334,-0.769450785290945,-0.714813907452587,-0.761689384893713,1.83617735559511,3.05295099093129,-0.284319432482394,-0.561917866502664,2.63906860124266,-0.937200427340874
134,2.60133120363685,-1.36895874749863,-2.60407650202576,1.43367609743185,-0.272907414405421,0.24078690326447,2.33032973569853,-1.62428258265803,1.48772967094282,2.29092717965953,0.51206713040927,1.48731114278395,2.15183644450077,1.51844751057597,2.36075845461842
135,0.13658379450467,0.381872433461863,1.4164684373673,0.628671754895386,1.24056719439752,0.892499304418552,0.215252381105114,1.09549737708496,-2.0375748089327,0.565668258479082,0.629642178459285,0.619553962648632,0.887678011830375,-0.690492563390471,0.232394370547831
136,-1.96863233750453,-1.28080694014106,-0.654587080903487,-0.480631712599571,-1.00072452482053,-1.31373271289135,0.0742652739824055,-0.479938846387809,0.253963105992358,-2.54817871310796,-1.91173528984276,-0.275827874174531,-2.05266717944434,-2.47959452747047,0.168594402484941
137,0.901457538939061,-0.483751967923532,0.592390358550723,-1.28889154734189,0.690037728738162,1.52876228671015,0.420483206052342,0.754527172949934,0.516232572918155,-0.567457923073983,-0.332198811662856,-0.0816184594678391,-0.534589319067564,2.25128605934146,0.821329675423968
138,0.283793945684286,-0.529909403182247,-0.634325084649648,-0.524451882180035,-0.346256598825646,-0.312438619207906,0.876659165595854,0.393767998846738,-0.777091534886288,-0.0704978633832535,0.00942678014732783,0.0263357885341986,-1.26403490653315,1.21676347644367,0.464798000623185
139,-1.96138268401587,-2.33205556260908,-0.507844411252475,1.45699016620005,-1.79518400090583,-0.919933336992527,-1.86526391636882,-0.060760929256925,0.466588311125482,0.141081865064651,-2.930606893557,-0.280373491706056,1.13244599956875,-1.47319653790022,-0.444035641321831
140,-2.58166152325238,-0.706792659802003,1.06996401066949,0.503253606289503,-0.297456320986499,0.244276373524546,-2.34054993726331,0.364183588757325,-2.05726148766375,-2.67936456506509,-2.04734893744261,-1.0553162553571,-1.11826456774662,-0.339927967957811,-3.07913118829206
141,2.2610717873913,-0.377967018408909,1.882239027685,0.984257440101824,1.31715620976029,2.00530319027742,1.14391406244684,1.67582883311208,-0.510667180459197,1.37468195556035,0.849041036662907,1.63570765349262,1.48993642363675,1.87779484718132,0.103841023887965
142,1.62942169369838,0.843750922173274,1.43041352388905,-1.49267055769921,0.961019063429761,0.482227927596927,1.46957627989603,1.42973494178639,0.593505806128707,-0.605395278691497,1.09133919546921,-0.514907866517094,-0.810482107941115,-0.176164558288133,3.13053192756119
143,4.08210772854667,-0.443924437491208,-1.64516532030046,-1.11354185282468,1.08614699897137,1.02797744913287,3.76670063054316,-0.939730265735175,3.31521182957101,3.88077573273522,1.55606842520389,0.76371754179303,1.36179700149981,3.93828153143645,2.27392114677721
144,0.602314886647894,0.275231009911144,-1.33499200596652,0.392254838213139,-1.36936460302864,-1.4990450990574,0.808545877884568,0.0216853165199945,1.7750261008448,0.459880193359708,0.453639262526578,0.517583773030182,-0.68027220899249,-0.0172492722107813,0.482054065902949
145,1.89674285615085,0.393516824033179,-0.836285562576823,0.393272831504806,0.558257818128128,1.28084339476812,1.46007721802713,-1.35072512823159,-1.05508716628886,2.39480096098918,1.42578286161084,1.54936353095733,0.955505081429947,0.459500848849085,1.79776027240476
146,3.47249204349469,3.53890487523569,0.171337605923323,0.168322758133044,1.33893765199022,2.06030797404367,1.26673560980582,0.189057980548146,0.345670561656658,2.29699409073783,4.59765871694644,2.10640226747753,0.884795286466488,2.31374276025984,2.30569020239824
147,-0.466049422907994,0.239165286543534,-1.5003713244424,0.276164497870096,-0.519171566382014,-1.2224762321379,1.13998197379048,-1.04470871587948,-0.224807527899105,-0.254059550873784,-0.349453421218979,-0.272714134011079,-0.00583795484517437,-1.65414027763899,0.944966328738349
148,3.38118155522918,-1.25575108585501,0.738656469983765,0.505299012625832,1.90365592466356,0.920659903616073,1.69970491491328,2.34069311255013,4.91008412435704,0.869047177309568,0.441445432437551,2.53707663190162,1.61440008279565,2.98863774932199,3.10964528817407
149,0.311143322622533,-0.117386924099078,-1.28215286768897,0.580308861519492,-1.63619890773373,0.145600675163831,1.07637727183659,-0.204138591472157,0.505463466352191,-0.365867895554221,-0.074955142590177,0.597960047587129,0.727663090183175,1.64892536044501,-1.36081231960572
150,1.93216060097151,-1.87829770101084,1.37369424679178,-1.19852771474301,1.38331853233353,1.94897312876226,2.39183135120004,0.730295046097853,0.821656094833491,1.33003397741626,-0.844287534851477,0.227854021314351,-0.753727333431224,0.395147959594284,0.223957554840896
151,0.603696513008882,-2.30519152932279,0.96363635003333,0.680801034932085,0.682266538970433,0.736520594461197,0.551227295362508,0.271124325103125,-0.0168030590139665,-1.34282150963651,-1.5089805950058,1.44767596875692,0.331772667343706,1.20012548689265,1.02816796130585
152,-1.39924911633307,-0.398518897142063,0.052844727133684,-0.0724047667325037,-0.732379639143521,0.332301327532475,0.00590560471103294,0.076766873056519,-1.11278040749207,-1.92150281588002,-0.643674434793788,0.0471955958499021,-0.66765545232537,-0.00898759326309572,-1.22140748671291
153,-1.31580697542032,-1.48312706377243,0.647117325550539,0.288924905283113,-0.591012823064004,-0.816933747553746,0.207487240801222,0.378996760706301,-0.768404519100868,-0.492014260015911,-1.75848677465302,-0.191651248889419,0.0825835085020534,-2.32611247828041,-2.1562829423804
154,0.306910203494709,-0.431829690160614,-1.13561285821003,0.128003797856041,-0.558603709814408,0.340246718069282,1.62423438930046,-1.62425047490186,0.0514088960477895,0.48908302274494,-0.486915447854304,0.661420005840487,0.255328382955055,-0.180020684266893,-0.347482390910996
155,-1.95484422272077,-1.99200919100055,-0.672060090276376,0.549668918086114,-1.19203257046177,-1.73924521110543,-0.716132465766991,-0.189873660799023,-1.52675995842709,-2.73880156937767,-2.53576826784228,-0.696209623736469,-0.101875368233913,-0.808505722892529,1.27282827235132
156,-1.02386544048016,-1.12162628843653,0.484400652746174,0.426538188693125,-0.476113216155458,0.712280452035809,-1.09617640454327,0.31493538306476,-1.13278003114205,-1.50026533446149,-1.58447034092918,-0.430220766349486,-0.82573007190036,1.01861106256368,-0.547414223822632
157,1.07829166152446,0.535246328365419,0.763257644122742,0.953633396896276,0.628866351273199,0.987879810338215,0.460909782180206,0.553291037782577,1.02945415177275,-0.80653555741794,1.34795771141774,0.779281511018332,0.65157236406731,0.0710343849122954,0.311799293913314
158,-1.17311048419444,0.488617339407662,0.695651055304865,-0.637107863560905,-0.557395636367109,0.354007978972271,-1.0344742572226,0.936446582957216,-0.189028697136711,-1.21311100426653,-0.228041845551117,-1.5837323689818,-1.26853004532535,-1.4184376872938,-1.08504608319941
159,1.58177222135474,-1.52081703517107,-1.41413833713083,2.05538957996115,-1.41841152297598,0.880059238363684,1.92897884052115,-0.739010459708096,0.856659357660286,1.28833038166037,-0.286575305833256,1.85191322131393,1.98785271326321,1.60440219855234,-0.89467160949709
160,-0.0461673616968079,-0.559546036502767,0.105844946346447,1.11806908714991,-0.461455977836062,0.85559820339263,0.714701478935259,0.355180413323537,1.6061491877707,-0.138090125244991,-0.356707902435337,0.481931838797096,0.608507473664054,-0.970968214682853,-1.12705070820679
161,-0.78792165045235,-1.07172281763097,1.67517271656303,-1.42062089583908,0.880110851021231,-0.0690157618112347,0.169286348302311,0.930323868140555,-0.2439867992144,-0.952166597945692,-1.08247753815194,-0.545439043298048,-1.76858029380937,-1.37958256408598,-1.2322747190501
162,-1.16029659249085,-1.46410774627173,-1.4753935258372,0.338358078682827,-0.708035148099587,-0.53799310347645,-0.782755923458714,-1.39315367110838,-1.17038150217056,-0.872115697345719,-1.25435733760864,0.524622445139997,0.036655383894324,0.902326295756263,-0.673753116501088
163,-1.04631563349634,-0.659944381761188,-0.263083572281931,-0.146732424737376,-0.165884369592369,-1.45774314005763,-1.11399802824395,-1.0137645197251,-0.608019247366073,-0.851430938605163,-1.61385891405525,-1.12092320183451,-0.0947085231274497,0.741364311299168,0.0202745955619036
164,1.22568146878449,0.649977234167627,1.55526446568275,0.436533239837193,2.90208494392234,1.54707717492553,1.00739804258893,0.204649268390891,-0.162715957119997,-0.693353029741451,1.44767156965339,0.762609480482561,0.487107032263196,1.14332077500843,-0.25913940915172
165,-1.066863679312,0.0129869150759313,1.16461034307386,-1.33192144275639,1.12794706213161,0.73846802008314,-1.18831418541816,-0.95883608754428,-0.339913485532196,-1.10445509187248,-0.786570726197519,-1.72006454460613,-1.40710283422446,0.827060007424996,-1.97955798052213
166,2.70601981874653,1.39301226201755,1.55459885414443,0.138847379417687,1.93321389643514,3.25518209944385,1.47300738370397,0.884846500697456,-0.322067638059762,2.8841204952234,2.54928962353783,0.592107438045365,2.06665608255493,2.08994191229557,0.878764507086664
167,-0.919402371989893,1.22305839542526,-1.52031150184286,1.08216324911135,-2.41531348670869,-1.63417052328829,-1.31675817692747,-0.342991721582138,0.385445810659104,-0.0817983896394968,0.722223221571959,0.244087691903564,0.749235516470486,-0.596225159886843,-0.216496202906173
168,-0.573905551105154,1.12070245690436,-1.23354728430001,0.622807487824124,-1.89680029575779,0.0795593217295862,-0.701198280450673,0.361384293482866,0.03519778910981,0.896946320460131,1.25595153540809,0.100438518859243,0.0682935385640407,1.12417662322595,-1.53106253680603
169,0.83888119370677,1.69065641620471,1.16397767727025,-1.40316475638332,1.0964337881764,0.954906251243831,1.38290086809183,1.25231637611484,-0.238696819131177,0.485423901860781,1.84536602517129,-1.3054251942759,0.0747584130094586,0.828144747939044,1.096200673372
170,0.451007496679865,2.71178665475199,0.663935888565877,-0.3310319689316,0.705076429988584,-0.255233937632711,1.60378347238172,1.57291633072398,-0.498704010817059,1.18664684167971,2.89310764735217,0.0486530833651028,-0.27031596708301,-1.26689202129166,-0.972278983628892
171,-3.05918503514122,-1.64167674366782,-0.0770005028690709,-0.430394695026272,-1.59908964670159,-0.819665470760795,-1.15315369261342,-0.600036970192019,-0.151107973904714,-2.26393695608136,-2.67401013678677,-2.83528857478513,-1.51563018658111,-1.84545011322832,-1.5566317416128
172,0.491438256785616,0.900623715894841,1.73827488725736,0.263568583904893,1.70719692303391,-0.185625363884865,-0.174307423891135,1.6003228704357,-0.793269264673761,1.18672962299104,0.73951486225529,-0.0518858610884595,0.819884195270491,0.679707674407268,-0.75827923106296
173,2.35414697413235,0.817832822065861,0.398061385134035,2.67054704678658,3.17387721549477,0.766451440055571,0.555624540499872,-0.115724373957532,1.41834403918609,1.72463622310801,2.16559792052318,3.19816142368205,2.88248661934931,0.53428756184276,-0.760583500459386
174,-1.08973349659023,-1.61389875350452,2.21494580891582,0.651306597314628,1.76121026794921,-0.0195356161871803,-0.860911794694025,2.79745348379362,2.32317658895031,-3.17657433164743,-1.40832494156948,-0.316580580057879,-0.00474592921218664,-1.09994016157162,1.85078443144483
175,-0.420498769296222,1.94928961940364,0.0894141176909844,1.05324725254833,-0.00140401801469266,-1.43049166152516,-1.41766860826043,0.991366616108513,-0.602474151685247,-0.333173723654892,1.5868587728022,0.533347978812016,-0.0773100666905059,-1.14073090390574,1.62096573004713
176,-0.0890818855087748,-0.648134582602015,-0.508545249857934,0.485795611123205,-0.473687478585165,0.278506607531738,0.831450010630116,-0.358965744816727,-0.385935983692766,1.46519672449197,-0.498656042553615,0.0345231452889327,0.646559039529043,-0.25087598616935,-1.66916089184081
177,-0.676422216627408,0.653238189942548,-0.795604009437186,0.261982941194561,-0.158720059138338,-0.333567920761965,-1.06485195589243,-1.35834619850405,0.754334507872301,0.616226082515167,-0.113730294375552,-0.146987232979665,0.0515890991119288,-2.11921557316094,0.761023746798797
178,-0.290835567874378,0.48010493462584,-0.307606287840617,-0.282857897572123,-0.578481600931409,0.142157279872844,-0.633712124616614,0.0733756468711778,-0.0457341525176915,0.653241192017041,0.0213354751227463,-0.556408649365923,-0.324538175498363,1.19768031556953,-2.08811542169247
179,1.14132221215352,0.442688486283867,-0.910932350003201,1.38858336836645,0.626265370687151,-0.15431731288975,0.24006233763244,-1.56320895864145,-0.185839562675315,1.07895742262335,0.424182447436277,1.41262559160209,0.986754968015368,0.728667488675279,-1.44313007248954
180,0.294778799571404,-0.524051025225164,-0.954884002800452,1.47401231610842,0.0934661911650307,-1.01758884413788,0.206107347272297,-0.204961481736003,-1.12351524390434,-0.520334579169112,-0.240421115206002,1.92355848235421,1.01555684951458,0.550492520727746,0.25192480101415
181,0.920737175870424,0.901972130683236,-0.285122007563625,0.69464235148061,0.446637014386263,0.317586923009179,0.885962248068283,-1.04625509570985,-0.258291652886201,-0.430877228656691,1.02682680317302,-0.00492624132363835,1.17335307604928,0.246140437022553,0.196419845319147
182,-2.32277275195897,-0.842054727777726,-0.566267375069187,-0.805944112772382,-0.298140541660481,-1.73109590360975,-1.80812812892494,-1.36233537862008,-2.13482486614724,-2.30119820153568,-2.01011634737609,-1.62254118031435,-1.40145792340954,-0.971014712755019,0.00816985778870138
183,0.718117155900189,2.60209982149067,-0.816356002887179,1.68099246249963,-1.04620651526344,-0.144767767780865,0.0126874811846825,1.08001716844013,0.179462657823608,1.96989979396795,2.15256386354334,1.72353198150962,1.40182760301667,-1.28203369673298,-0.115404433093381
184,-0.275416430341239,0.340531998891813,-0.278359661403951,1.0061159559527,0.0225205037326471,-1.67831037023134,-1.30222641741353,1.5801673906474,1.2302638657335,0.430556529678916,0.29838930669685,0.578024921055279,0.506648020255924,-0.0266220966594153,-0.120886127787866
185,0.558436046607997,1.61471067118957,-2.95362814945404,-1.26655353628929,-1.76804446635042,-1.08292463786189,2.53721894808176,-1.74161586793351,-0.343340115542006,0.759573670561897,1.94926850042219,-1.09676507465834,-0.294114397091736,0.430375273333172,0.446938415055731
186,0.29593361185198,0.569256512902361,0.65249529970914,0.699224936473195,0.398562231490253,0.171814025706034,0.349603303490983,1.11543476274671,0.599216129996461,-0.379686877429033,0.438433461838327,1.36821886406242,0.369918051821977,-0.945040923148976,0.511143815676254
187,0.951212723384953,2.5323411018558,-0.538458683046513,-1.84571581436745,0.851693716496857,1.26101279946584,0.308127434890911,-1.59999442639944,1.02038098054328,0.131864878735375,2.4824855326891,-0.90243157732819,-0.908434156760811,0.494363138217754,1.46587017082497
188,-1.051905910888,-1.87303197366685,-0.607073786067489,0.72688871509716,-6.76567307404299e-05,-0.44026063916971,-1.74676026794024,-1.67574117911289,-0.55331919375922,-0.920674766936382,-1.98204650283972,0.718422630763574,-0.663273306060489,1.47967757389177,-2.24405510099601
189,-0.248721936379663,0.417748932586911,-1.11147008045214,1.01540134343915,-1.36835071890056,-0.522251117610189,-0.252129616097349,-0.219363350009858,0.0672583516780422,0.000762621197979302,0.0668182551450909,0.469349903603318,0.385433506186296,0.12459803191437,-0.327144475400417
190,0.451511280556447,1.18973330395697,-1.88750662686054,0.902320694907773,-0.889425277411961,-1.80174778281089,0.814360381860192,-0.69665207058188,-0.59472150219294,1.06361464578894,0.701945810354338,0.208716061335891,1.07737981630534,-0.176659918139677,0.403872313194152
191,0.775220859876344,0.113647415951037,1.35835850969291,0.764574413305577,1.38140247867236,0.601558980107378,0.383840636155963,1.7308205820115,0.31606037436123,-1.33897232630073,0.557012224223244,0.931179708617906,0.910926101072628,0.674080924630267,-0.00561583320363288
192,2.88443033403081,-2.55233051903212,0.450419077596108,0.931881720620748,1.29957784700496,1.08443392629139,0.926413123846684,1.47525203550825,1.82970040805307,2.05889329676753,-0.853509790769897,2.5840121253753,1.43278937478594,3.27321335053876,0.246169522035441
193,0.190280450022928,-0.181152305963272,-0.139526502957834,1.04508538600506,0.296550981411052,-0.359027730546563,1.15735646584788,-0.0897179211574103,0.452076894141767,0.749719195209137,-0.0195236615990194,0.983592783899229,1.43371854161783,-0.332725145010122,-0.0753309192758944
194,-0.674020268145175,0.16121209688994,0.714705283125259,-0.534138313995705,0.878451325434014,0.646040087549962,-1.76319706651872,-1.05629764245994,-1.47307569506159,1.04117733870999,-0.0435473488859282,-0.958335630818209,-0.888086945258667,-0.0609887061618013,-0.694149395397346
195,-1.17913867814117,-0.490567949885971,1.02955103013167,-0.0764594888811017,1.04692501449254,0.372661407245011,-1.19797169865652,0.440468083747041,-0.692813067256002,0.0993319960825193,-0.276902657701167,-0.0999033878057125,-0.0760685105270366,-2.24380286104562,0.718433089622715
196,0.247594234669268,0.217427106543441,0.584147661860162,-3.17529683434803,0.791641872106143,-1.04710708204779,-0.740476580728042,0.673894944024127,1.79457565467082,0.585043539706748,-0.135375263017049,-2.59939144627393,-2.54775384528857,0.924119551443434,0.891428027118226
197,0.399166175150355,2.32827085461424,-0.412481698104059,-0.529952587664316,0.037195721531991,-0.754479199172281,-1.30239211746566,0.416164165449076,-0.966700031279475,1.70604111788618,2.29585462689477,-0.21612820185198,-0.577901534507636,1.04769640965922,0.252701996987388
198,-0.182295115757474,-1.50685461629081,1.22035951499569,-0.578797344612025,0.927538078499093,0.215692028626999,-0.193912301388078,1.35399051976799,0.967611106709207,-0.280411119765697,-1.52476946354744,0.485822825442989,-0.861774171509098,0.624213264191998,-0.409032495281097
199,-0.913638482770071,-0.933337206348901,-0.500435393421458,-0.722655456242406,-0.979186519084838,-1.31690777905052,1.50502932619986,1.4178679682862,0.848551304959088,-1.75364683639441,-1.15732315122444,-0.0893093284287303,-1.5804965692354,-0.793235643605429,-1.03423692847359
200,3.3316228598658,0.243612137637625,-1.23385333610041,0.699956034317337,0.246306655401096,1.52731771072131,4.35906682850941,-1.4378397591747,1.09432878221617,1.93497925608414,1.5978588541579,1.99820288400041,2.43085139865213,1.5951216998992,-0.47947325778224
201,-0.776672924868615,0.862998689703357,0.97690839077481,-1.82070210576509,1.19124696155278,0.418100117675233,-1.51897910442994,-0.642523168318389,-2.80436015715988,0.15751590827488,0.364279855289062,-1.35455491820969,-1.70162040114019,0.809777023578398,1.37794819042981
202,1.96325278456084,0.174170947193157,0.204862527631963,0.896327229862492,0.175940430179706,-0.102495619805257,0.833237442999381,0.938066882505557,1.57593088958171,0.827048107050942,0.738042585065187,1.48244378014142,1.01426999705557,1.21011997491104,0.503000710934377
203,-3.28293915150841,1.44174800629242,0.091151545012112,-2.02672811360241,-0.981463946902033,-0.294916456462045,-1.72454981102468,-0.915684301876033,-2.36013703825462,-2.1407035454855,-0.180102280468132,-2.58839141628553,-3.10891076834824,-2.00427171284494,-0.629201896926384
204,-1.86857415754268,-2.11460507234603,-2.73411406182089,-0.0480252508973257,-2.94162603182171,-1.65264342283533,-2.09672183228665,-2.38846171626669,0.507543801077821,-0.0298833529273644,-3.03656565951796,-0.700444727175584,-0.7238097898934,-0.611574045769485,-1.12963177386901
205,0.935215760980084,-1.27159665190007,2.82104859603528,-1.17485757630947,2.55559260578257,0.887284087849861,-0.535815909157508,2.49415758727634,2.18179687554891,-0.437340830350646,-1.0640046122117,-0.258895363245017,-1.41205276943124,0.86985732282461,-0.556850940003997
206,0.80567099231211,-0.12002875432962,-2.42019549472246,-1.13618310943669,-0.284026095148392,-1.1676654678762,0.735559070710326,-1.64296998398501,-0.417610070944357,2.01416615284007,0.900078656797067,-1.00858565274417,-0.0638515290152384,1.94960898347845,2.22120662759472
207,-0.397009247425737,0.175233933046307,1.0828021958322,1.54189736729895,-0.44314812589883,0.762038201216722,-1.12424248962837,1.90903330499463,-0.947691075397988,2.09539455693529,0.295225208579891,1.41604965952308,0.49350969342997,-0.269174266972643,-1.94641176947479
208,-0.1931031730374,-0.739275536737314,-1.66677197895228,-0.498033425969088,-0.760479134800803,-0.72983954889096,-0.652449444061369,-1.95428513033481,-0.0469410855546466,1.23005617180784,-0.815242883348465,-0.638071372147836,-0.528469457641069,-0.0966554306699587,1.4479876681984
209,1.77336992242236,-0.286876779299345,1.6478883315125,0.398163796318759,2.05186836526858,1.32369106251791,0.591046044773444,1.12327924497834,2.31414200499337,0.458060527600862,0.90680965378173,0.403916318506156,1.01038662212246,0.688919098740931,1.3955781226525
210,-3.41071017624959,-2.05874247168274,0.855346309256477,-1.35266559533723,-0.547762773361015,-1.40781645543163,-1.9125168217434,-0.607796187360584,-1.61288952116857,-1.81902662487076,-3.51178721398677,-2.11820638038221,-2.6305864856821,-1.59936892761497,-2.32854182020156
211,-0.370125304158011,1.58988554706473,-1.19006014328529,-0.525404987555238,-0.109949277264116,-0.557067855550791,-1.07280621554175,-2.54957641584183,-0.889750137593354,1.44765986247808,0.746179489026896,-0.473078357475903,-0.431953532975163,-1.43457353214553,-0.23449584633378
212,2.42376354206423,1.72635431841154,-1.77453937793175,0.11910566163781,-0.542371390596356,-2.14647881534186,-0.0956533221901086,0.679657031799663,0.952762564241875,2.41699231696009,2.69608563896576,1.83180196996462,0.535009101727609,3.42927489390048,2.83098778804025
213,-1.1328358188378,-0.475104529710334,2.69331209603507,-1.72700373049212,0.967474412780293,0.371774938451387,-0.800879825280422,2.04882776970957,-1.18777318407429,-1.10783883396076,-0.980968732357358,-2.6562291302854,-1.56094018169531,-0.608882497371445,-1.16901191793746
214,-1.13624486363382,0.113997802845042,-0.920217369009468,0.961666581562536,-1.32105690708461,-1.00402764893765,-0.3847884087819,-0.403134964654434,-0.588435716622479,-0.806222812470029,-0.336574313585564,0.386929036981593,-0.20373443612584,-0.595209088722406,-0.189550753376263
215,-2.0801873062641,-0.240466275633869,-0.875490800384005,-2.28517814813992,-1.67932693758948,-0.388855952801441,-1.34483341058578,-1.05211802598914,-2.02931158386961,0.129890345885057,-1.24368704683306,-1.25115030399859,-2.70663607757776,-0.176268068696443,-0.725277168863052
216,0.909654952384697,0.183631292746714,0.930793235478426,-0.215709844852499,0.684377578944714,1.95204897078389,-0.39615020372596,0.691331823721394,0.509607790320983,-0.100471080704207,0.0187873642663298,-0.197678647322754,0.0383350964144177,0.307050551995176,2.24886812263955
217,-0.357456318338923,-0.658267363582387,0.508904097287294,1.54091162310893,0.960994609911109,-1.25405374688914,-0.0243611579003873,0.990582218546986,1.21816389378155,-0.220126740583867,-0.703978850676959,0.490219753135688,1.64439602290649,-1.64911187600283,-0.938963583743783
218,-0.467963379567083,1.83497037614966,1.56809543588004,-0.88371267379769,0.316306549819604,0.326249177162354,-0.028967743248107,1.94627052846038,-1.30912611388306,-0.850961213092795,1.42076681936113,-0.903372835215496,-0.943773528714352,-2.06964988927913,0.248067819644218
219,-1.77886472445344,-0.581437528478723,-0.0395607283800324,0.45523124162387,-0.583286210665656,-1.05417982853705,-1.86778161293767,-0.623752638406175,-0.721997272042649,-0.555763471087319,-1.21906820317099,-0.661203096819095,0.935087777029521,-0.216909227477106,-1.06741619373549
220,1.16700195138188,1.01788594855353,0.0527237683533543,1.08428277808759,0.576576966711095,0.0282265263339162,-0.0281090002141292,0.877081034587556,-0.312752039921569,-0.141371090882408,1.59587998328889,0.709062213109922,1.20993005173242,0.788300165255437,1.17507112391121
221,-0.214879698632861,-0.577977513667724,0.633047047496583,-1.49273254514636,0.624771200937325,-1.32409278865793,-0.770055593278922,0.176393310703413,-0.633589905217491,-0.91383815214996,-1.05369853671913,-2.23257387792162,-1.39006294705266,1.03234443002427,0.852976052133281
222,-2.7805230917042,0.897523394232169,-1.49273692043822,0.838482860071707,-1.83037081518691,-2.96129422570234,-2.18830413966319,-0.865495875109229,-1.60530070764047,-0.378918948709799,-0.748912778579184,-0.456699526786315,-0.645836868122285,-1.98503207551942,-2.38271629963555
223,-0.561768989932849,-0.389234215437468,0.769578149133181,0.0849531642908337,0.0865936962490021,-1.12042073869285,0.377057267688075,0.966986325036798,-0.908195218756442,-1.43745763664003,-0.887829493247488,-0.393666777924188,-0.0569372387439334,-1.60006293518082,-0.726826385902242
224,-1.45334032799246,0.600151540152859,-1.13812321079453,-2.1408923418594,-0.0369674993494238,-2.16031607880767,-0.485653466539627,-1.20453598592983,0.519242757101299,1.05257775210634,-0.373979826275411,-2.66706933765805,-1.55676175910725,-0.0900665648973377,-2.21190072077253
225,-0.639004111429859,-0.257568631537176,1.27833565702234,-1.89297992381101,-0.409688014929924,0.222124656650886,1.08970447147206,0.716017050801179,-0.247982198305536,-0.864078367926277,-0.869514385844917,-1.7090881590419,-1.62006256229593,-0.575927497603984,-0.656861446557887
226,-1.93623264519378,-0.5442182602378,1.35270422034841,0.540382807514336,-0.422973719124824,0.36263614443896,-1.84599969763333,0.883767121917606,-0.628980214214073,-1.84114658919094,-1.02881799440655,-0.735947441693096,0.0833705470058392,-1.20638867615945,-0.465026043322968
227,0.318879533996124,-0.219435578306427,1.90918760462858,0.718719549166896,0.836452849631379,1.41966733426185,-0.662183434418338,2.06574581697352,1.01615001055901,0.0872985113801365,-0.0578945645963894,0.337028908025209,0.681791512094924,-0.954021271257399,1.64895178998697
228,-1.68729542089998,-1.39882039543888,0.34802220685926,0.284469034646479,0.147403773275749,-0.449618489683801,-1.72039614247279,-0.633934339928164,0.532533363215213,-2.85717387948632,-1.95952973769713,-0.559491183465742,-0.571668628462307,-0.741504141810747,0.512717791134632
229,-2.86632119946006,-2.11538501039676,1.46659630913709,-1.08966209562433,0.169556726598209,-1.19704471913084,-2.15497473700236,1.09738845242746,-1.87858751678155,-0.75077259245345,-3.463863555137,-2.2091119083901,-1.50127808416671,-1.7021537757227,-1.6568186121501
230,-0.897956513748607,0.979658667013515,-0.673209349881099,-1.0905100672039,-0.88767810026944,0.123346944184858,-0.689370996266148,-0.952561823318022,0.611094304594075,-1.01428709293167,0.204482558962952,-1.20468670540521,-0.948019109631295,0.185860728471829,1.08122704502504
231,0.591828744022281,2.19144373325254,-0.858490285002797,-2.75034363840007,-1.14831303508792,0.941068458022107,1.33528920288053,-1.15880905632164,-2.14563676733082,1.80081117012667,2.24900724064278,-1.21693071156243,-2.23536409885489,0.200319781082099,-0.805533391504774
232,1.4804394277868,2.52334672234496,-1.3342392361635,2.10564769675825,0.105340380312371,-1.50783434741187,0.447314383717658,0.514516454668767,1.14125472537679,0.466822089080267,2.52334817033167,2.28944644224936,2.61170093907736,0.947658692784827,1.27017974411276
233,-0.603618768325407,-0.0376481722426385,0.557551527492403,-1.18094440859003,1.03975668413328,0.286149895246939,-0.208103401911263,-0.555162287354922,-0.648026007566682,-0.859154930960419,0.00911981028467342,-1.65286366302804,-1.30615404594896,-0.710188382173726,0.897322247159674
234,1.24900772347448,-0.748125612717616,1.71801832885622,0.789113846972433,2.09068819945819,1.55038729740267,1.1444418354237,1.87703804373004,1.58348678376475,0.719426317709817,0.536510648846129,1.21980211300752,1.12716437987649,0.482642757643152,0.0470771581233406
235,-1.90266037716679,0.233107961749598,0.31314227527758,-0.388312725779041,1.43190298156753,-0.417391174031874,-0.911425796916078,-1.64858514874087,-0.740985242030751,-1.17724059343544,-0.162757417051682,-1.05284040091757,-0.860606894905324,-1.10028073372265,-3.27948438946518
236,0.782418817088432,0.818682921664842,-0.335314204917329,-0.216855414309197,-0.0910650250956362,0.31692089358575,1.02785084791002,-0.0483207115583933,-0.462393664557157,0.242973738031602,0.923629637913232,0.0456938189516824,0.814800972789913,1.17947388233194,-0.960320455057782
237,2.13760275977242,0.592739805077378,0.645145225261781,0.296279745389147,1.17230873148151,2.93179935741902,2.21733675998747,0.622321294517079,1.10044058227334,1.22667108237383,1.63695992278556,1.55001187140988,0.787282303852239,-0.750920653518517,2.44457338415269
238,0.197303879293631,1.22334496720682,0.858723135076566,2.44039528096672,0.311211058758972,0.991214012967806,-0.60266942351607,0.157098590884004,0.449142624508551,-2.1174639579868,1.28436528798364,1.54219649341693,1.96268981080939,-0.496965278693583,0.0604119301299548
239,-2.30477690563969,0.916495552482193,-1.9660079847195,0.92258636514174,-2.24731129110208,-2.32355609888711,-0.897158399661774,-1.43819558781827,-0.854116965252235,-2.10357691926377,-0.552602982313509,-0.640709852546978,-0.0114234790664003,-2.11034102344145,-0.452963730877155
240,0.224335716790127,-1.32819660354064,2.13694024412544,0.416139475664777,1.5832290863919,1.67745708490501,0.417386262393614,1.47595362223176,-0.119867800609488,-0.488847115479349,-0.738138231749845,1.29662949629023,0.0829267028239944,-0.817930358554316,0.298819423171409
241,0.574359301219871,2.28021012305292,-2.02205570773145,-1.49651247906913,-0.286508021122034,0.0563354990115297,0.931061563611345,-3.03744932405325,0.173966738262097,0.698078980166799,2.12678058451722,-0.353712725766515,-0.497899742800359,1.64675758685885,1.0224202288643
242,-1.4684795977745,-0.735012193222338,1.14598028477977,0.588831817796935,0.740358854827004,0.190724903886319,-1.11799753925008,0.235467559966546,1.42792133867881,-3.18661516092425,-1.23737776403905,-0.07818378904965,-0.0635881748799258,-0.862115993111933,-1.28419019916716
243,0.922721289711341,-0.13336567949902,0.048389368512803,0.117895736184072,0.660598915066127,-0.032792738566602,0.872602452856837,0.314054599710331,0.669409279655995,1.93088474611519,0.314648229576707,-0.00929203472137485,0.35414374057547,0.731443211334628,-2.03768950223524
244,1.0655045151109,-0.622259173885066,1.63603296585849,0.62879952255361,1.7152246062144,0.484806427367296,1.38229504241867,2.27309919051744,1.34313198428994,0.396975090547122,0.270728192394961,0.74287435546703,0.853803459807504,0.0579784938184056,0.885991185734195
245,-2.8727964667187,0.0278042442588449,0.337042677112918,-0.552656710480126,-1.8155435567684,-0.649732401011515,-1.9188296649266,0.470321658206101,-1.44076796790899,-2.77971257755491,-1.68046660830751,-2.33629971974777,-1.57250587631225,-2.4271519264821,-1.59021732283085
246,-1.97325384686604,-2.03698719439171,-0.782525172538299,-0.149533294536518,-1.48408840048071,-0.347801650243364,-1.41603227300496,-1.44412699602725,-0.937217590363038,-2.23056303094434,-2.83979824135129,-0.745356503840354,-1.57400128639772,-0.796399202379121,-0.934440880881601
247,2.96780098899565,3.35199674624545,0.466815664765943,-0.185633587824429,1.22542514507516,1.8346296470105,0.717841047672021,1.2395239773655,0.650758362052474,3.13830840870486,4.5791435596915,1.97525242953468,-0.227143732509397,1.67424885762472,0.720853090231987
248,2.25279399589908,0.676036547789754,-0.803580751448888,2.12114231831681,0.269011690680018,0.763590759992637,1.93578315148115,-0.52546470183157,1.90703739139268,0.166605290294663,1.51074639955387,1.98520605739776,3.13670470911046,1.04068956942808,1.6794112951792
249,1.02235942770408,-1.06530004082492,-0.234251351521995,0.785147748140854,-0.103568145614184,-0.00423315027829662,2.06312768740334,1.3493138369353,1.58535220422182,0.129873994033758,-0.277252562193791,0.380328484458005,1.09304842239796,0.721188517544986,-0.368984245903365
250,0.322831688556775,-0.273597939506136,0.915096508459906,-0.106655930492041,0.590614226081075,-0.495272627918656,0.901989951170119,1.22812130822843,-0.267255456240419,0.982766024896643,-0.335454042544831,0.481110322648395,-0.155387223390027,-0.45639017433892,-1.62845743396042
